{
    "prithivMLmods/deepfake-detector-model-v1": {
        "ffpp": {
            "accuracy": 0.5009090909090909,
            "precision": 0.5004568991775815,
            "recall": 0.9957575757575757,
            "f1": 0.6661260896006487,
            "roc_auc": 0.500909090909091,
            "num_samples": 3300
        }
    }
}